{"cameraMode":{"drawMode":0,"name":"Shaded","section":"Shading Mode"},"sceneLighting":true,"audioPlay":false,"sceneViewState":{"showFog":true,"showMaterialUpdate":true,"showSkybox":true,"showFlares":true,"showImageEffects":true,"showParticleSystems":true},"in2DMode":false,"pivot":{"x":-0.6520849466323853,"y":14.920580863952637,"z":172.33236694335938},"rotation":{"x":-0.1645585149526596,"y":0.00354776531457901,"z":-0.000588893482927233,"w":-0.9863684177398682},"size":3.300020456314087,"orthographic":false}